<?xml version="1.0" encoding="UTF-8"?>
<krpano version="1.20.2">

    
  <!-- Spot Style - Вперед -->


  <style name="IconВперед"
         url="%FIRSTXML%/spots/spot0_user_defaultpoint01.png"
         visible="false"
         edge="center"
         onhover="onhoverIconВперед"
         onout="onoutIconВперед"


         />
  <action name="onhoverIconВперед">
    showtooltip('hotspot');
  </action>
  <action name="onoutIconВперед">
    hideTooltip();



  </action>



<!-- ********** -->
<!-- Влево -->
<!-- id : button -->
<!-- ********** -->

  <layer name="button"
         keep="true"
         url="%FIRSTXML%/graphics/button/spot1.png"
         align="bottom"
         x="-140"
         y="20"
         zorder="1"
         visible="false"
         onclick="buttonOnClick"
         onout="tween(scale, 1.0,0.5,easeOutQuad);"
         onover="tween(scale, 1.2,0.5,easeOutQuad);"
         height="30"
         width="30"
         />



  <action name="buttonOnClick">viewControlMoveLeft(true);


  </action>

  <events name="buttonevents"
    onTourStart="showbutton();"
    hidetourcontrols="hidebutton();"
    showtourcontrols="showbutton();"
    keep="true" />
  <action name="hidebutton">set(layer[button].visible, false);</action>
  <action name="showbutton">if(tour_displaycontrols,set(layer[button].visible, true);,hidebutton(););</action>


<!-- ********** -->
<!-- Вправо -->
<!-- id : button1 -->
<!-- ********** -->

  <layer name="button1"
         keep="true"
         url="%FIRSTXML%/graphics/button1/spot2.png"
         align="bottom"
         x="-105"
         y="20"
         zorder="2"
         visible="false"
         onclick="button1OnClick"
         onout="tween(scale, 1.0,0.5,easeOutQuad);"
         onover="tween(scale, 1.2,0.5,easeOutQuad);"
         height="30"
         width="30"
         />



  <action name="button1OnClick">viewControlMoveRight(true);


  </action>

  <events name="button1events"
    onTourStart="showbutton1();"
    hidetourcontrols="hidebutton1();"
    showtourcontrols="showbutton1();"
    keep="true" />
  <action name="hidebutton1">set(layer[button1].visible, false);</action>
  <action name="showbutton1">if(tour_displaycontrols,set(layer[button1].visible, true);,hidebutton1(););</action>


<!-- ********** -->
<!-- Вверх -->
<!-- id : button2 -->
<!-- ********** -->

  <layer name="button2"
         keep="true"
         url="%FIRSTXML%/graphics/button2/spot0.png"
         align="bottom"
         x="-70"
         y="20"
         zorder="3"
         visible="false"
         onclick="button2OnClick"
         onout="tween(scale, 1.0,0.5,easeOutQuad);"
         onover="tween(scale, 1.2,0.5,easeOutQuad);"
         height="30"
         width="30"
         />



  <action name="button2OnClick">viewControlMoveUp(true);


  </action>

  <events name="button2events"
    onTourStart="showbutton2();"
    hidetourcontrols="hidebutton2();"
    showtourcontrols="showbutton2();"
    keep="true" />
  <action name="hidebutton2">set(layer[button2].visible, false);</action>
  <action name="showbutton2">if(tour_displaycontrols,set(layer[button2].visible, true);,hidebutton2(););</action>


<!-- ********** -->
<!-- Вниз -->
<!-- id : button3 -->
<!-- ********** -->

  <layer name="button3"
         keep="true"
         url="%FIRSTXML%/graphics/button3/spot4.png"
         align="bottom"
         x="-35"
         y="20"
         zorder="4"
         visible="false"
         onclick="button3OnClick"
         onout="tween(scale, 1.0,0.5,easeOutQuad);"
         onover="tween(scale, 1.2,0.5,easeOutQuad);"
         height="30"
         width="30"
         />



  <action name="button3OnClick">viewControlMoveDown(true);


  </action>

  <events name="button3events"
    onTourStart="showbutton3();"
    hidetourcontrols="hidebutton3();"
    showtourcontrols="showbutton3();"
    keep="true" />
  <action name="hidebutton3">set(layer[button3].visible, false);</action>
  <action name="showbutton3">if(tour_displaycontrols,set(layer[button3].visible, true);,hidebutton3(););</action>


<!-- ********** -->
<!-- навигация управление -->
<!-- id : togglebutton2 -->
<!-- ********** -->



  <layer name="togglebutton2"
         keep="true"
         url="%FIRSTXML%/graphics/togglebutton2/selekkt.png" 
         align="bottom"
         x="0"
         y="20"
         zorder="5"
         state="true"
         onclick="togglebutton2OnClick"
         onover="tween(scale, 1.2,0.5,easeOutQuad);"
         onout="tween(scale, 1.0,0.5,easeOutQuad);"
         height="33"
         width="33"
         visible="false"
         />

  <action name="togglebutton2OnClick">
    if (state,
      set(state, false);hideTourControls();


      set(url,%FIRSTXML%/graphics/togglebutton2/selekkt2.png);
     ,
      set(state, true);showTourControls();


      set(url,%FIRSTXML%/graphics/togglebutton2/selekkt.png);
    );
  </action>

  <events name="togglebutton2events" 
    onTourStart="showtogglebutton2();"
    keep="true" />
  <action name="hidetogglebutton2">set(layer[togglebutton2].visible, false);</action>
  <action name="showtogglebutton2">set(layer[togglebutton2].visible, true);</action>

<layer name="togglebutton2TooltipStyle"
	keep="true"
	enabled="false"
	capture="false"
	type="text"
	align="center"
	bg="true"
	bgcolor="0x000000"
	bgalpha="0.80000000000000004"
	bgborder="0"
	bgshadow="1.0 1.0 4.0 0x000000 1"
	txtshadow="1.0 1.0 4.0 0x000000 1"
	css="color:#ffffff;font-family:Arial;font-weight:bold;font-size:14px;text-align:left;"
	interactivecontent="false"
	zorder="0"
	padding="2"
	xoffset="0"
	yoffset="0"
	visible="false"
	html=""
	edge="bottom"
/>

<!-- ********** -->
<!-- Ближе -->
<!-- id : button5 -->
<!-- ********** -->

  <layer name="button5"
         keep="true"
         url="%FIRSTXML%/graphics/button5/spot9.png"
         align="bottom"
         x="35"
         y="20"
         zorder="6"
         visible="false"
         onclick="button5OnClick"
         onout="tween(scale, 1.0,0.5,easeOutQuad);"
         onover="tween(scale, 1.2,0.5,easeOutQuad);"
         height="30"
         width="30"
         />



  <action name="button5OnClick">viewControlZoomIn(true);

  </action>

  <events name="button5events"
    onTourStart="showbutton5();"
    hidetourcontrols="hidebutton5();"
    showtourcontrols="showbutton5();"
    keep="true" />
  <action name="hidebutton5">set(layer[button5].visible, false);</action>
  <action name="showbutton5">if(tour_displaycontrols,set(layer[button5].visible, true);,hidebutton5(););</action>


<!-- ********** -->
<!-- Дальше -->
<!-- id : button4 -->
<!-- ********** -->

  <layer name="button4"
         keep="true"
         url="%FIRSTXML%/graphics/button4/spot8.png"
         align="bottom"
         x="70"
         y="20"
         zorder="7"
         visible="false"
         onclick="button4OnClick"
         onout="tween(scale, 1.0,0.5,easeOutQuad);"
         onover="tween(scale, 1.2,0.5,easeOutQuad);"
         height="30"
         width="30"
         />



  <action name="button4OnClick">viewControlZoomOut(true);


  </action>

  <events name="button4events"
    onTourStart="showbutton4();"
    hidetourcontrols="hidebutton4();"
    showtourcontrols="showbutton4();"
    keep="true" />
  <action name="hidebutton4">set(layer[button4].visible, false);</action>
  <action name="showbutton4">if(tour_displaycontrols,set(layer[button4].visible, true);,hidebutton4(););</action>


<!-- ********** -->
<!-- На весь экран -->
<!-- id : button6 -->
<!-- ********** -->

  <layer name="button6"
         keep="true"
         url="%FIRSTXML%/graphics/button6/spot10.png"
         align="bottom"
         x="105"
         y="20"
         zorder="8"
         visible="false"
         onclick="button6OnClick"
         onout="tween(scale, 1.0,0.5,easeOutQuad);"
         onover="tween(scale, 1.2,0.5,easeOutQuad);"
         height="30"
         width="30"
         />



  <action name="button6OnClick">switchFullscreen();


  </action>

  <events name="button6events"
    onTourStart="showbutton6();"
    hidetourcontrols="hidebutton6();"
    showtourcontrols="showbutton6();"
    keep="true" />
  <action name="hidebutton6">set(layer[button6].visible, false);</action>
  <action name="showbutton6">if(tour_displaycontrols,set(layer[button6].visible, true);,hidebutton6(););</action>


<!-- ********** -->
<!-- Меню -->
<!-- id : togglebutton -->
<!-- ********** -->



  <layer name="togglebutton"
         keep="true"
         url="%FIRSTXML%/graphics/togglebutton/map.png" 
         align="bottom"
         x="140"
         y="20"
         zorder="9"
         state="true"
         onclick="togglebuttonOnClick"
         onover="tween(scale, 1.2,0.5,easeOutQuad);"
         onout="tween(scale, 1.0,0.5,easeOutQuad);"
         height="30"
         width="30"
         visible="false"
         />

  <action name="togglebuttonOnClick">
    if (state,
      set(state, false);hideTourThumbnails();


     ,
      set(state, true);showTourThumbnails();


    );
  </action>

  <events name="togglebuttonevents" 
    onTourStart="showtogglebutton();"
    hidetourcontrols="hidetogglebutton();" 
    showtourcontrols="showtogglebutton();" 
    keep="true" />
  <action name="hidetogglebutton">set(layer[togglebutton].visible, false);</action>
  <action name="showtogglebutton">if(tour_displaycontrols,set(layer[togglebutton].visible, true);,hidetogglebutton(););</action>

<layer name="togglebuttonTooltipStyle"
	keep="true"
	enabled="false"
	capture="false"
	type="text"
	align="center"
	bg="true"
	bgcolor="0x000000"
	bgalpha="0.80000000000000004"
	bgborder="0"
	bgshadow="1.0 1.0 4.0 0x000000 1"
	txtshadow="1.0 1.0 4.0 0x000000 1"
	css="color:#ffffff;font-family:Arial;font-weight:bold;font-size:14px;text-align:left;"
	interactivecontent="false"
	zorder="0"
	padding="2"
	xoffset="0"
	yoffset="0"
	visible="false"
	html=""
	edge="bottom"
/>

<!-- ********** -->
<!-- Simple Thumbnails Bar -->
<!-- id : thumbnailsBar -->
<!-- ********** -->







<layer name="thumbnailsBar_thumbnailsBar"
	keep="true"
	type="container"
	visible="false"
	align="top"

		width="100%"
		height="0"
		accuracy="1"

	x="0"
	y="0"

	bgcolor="0xdedede"
	bgalpha="0.10000762951094835"

	zorder="10"
/>



<layer name="thumbnailBorderSource_thumbnailsBar"
	keep="true"
	visible="false"

	borderWidth="2"
	borderColorDefault="0xe6e6e6" 
	borderColorHover="0xffffff"
	borderColorSelected="0xffffff"
	borderAlphaDefault="0.50000762951094835" 
	borderAlphaHover="1"
	borderAlphaSelected="1"

	url=""
	offsetX="0"
	offsetY="0"
	quarterHeight="0"
/>




	
	<krpano arrow1Loaded_thumbnailsBar="false" arrow2Loaded_thumbnailsBar="false" borderLoaded_thumbnailsBar="false" thumbnailsLoadedCounter_thumbnailsBar="0" thumbsCount_thumbnailsBar="0" thumbsCounter_thumbnailsBar="0" firstInit_thumbnailsBar="false" />
	
	
	<events name="thumbnailsScrollEvents_thumbnailsBar" 
		keep="true" 
		
		onxmlcomplete="ifnot(startResize_thumbnailsBar,set(isLoaded_thumbnailsBar, true);if(isStarted_thumbnailsBar,onLoadCompleteHandler_thumbnailsBar();););"
		onTourStart="set(isStarted_thumbnailsBar, true);if(isLoaded_thumbnailsBar,onLoadCompleteHandler_thumbnailsBar(););"
		onnewpano="if(startResize_thumbnailsBar,if(firstInit_thumbnailsBar,onLoadCompleteHandler_thumbnailsBar();););"
		onresize="onResizeHandler_thumbnailsBar();"
		hidetourthumbnails="hideWithThumbnailsButton_thumbnailsBar();" 
		showtourthumbnails="showWithThumbnailsButton_thumbnailsBar();" 
		hidetourcontrols="hideWithControlsBar_thumbnailsBar();" 
		showtourcontrols="showWithControlsBar_thumbnailsBar();" 
		onenterfullscreen="delayedcall(0.2,scrollToCurrentThumb_thumbnailsBar(););"
		onexitfullscreen="delayedcall(0.2,scrollToCurrentThumb_thumbnailsBar(););"	
	/>
	
	
	<layer name="scrollAreaContainer_thumbnailsBar" 
         keep="true"
         type="container" 
         align="topleft" x="10" y="10"
         marginX="10"
         marginY="10"
         width="0" height="0"
         targetWidth="0"
         targetHeight="0"
         scrollSpeedInit="10"
         scrollSpeed="10"
         scrollSpeedMax="70"
         scrollSpeedAcceleration="20"
         parent="thumbnailsBar_thumbnailsBar"
         thumbWidth="0"
         thumbHeight="0"
         itemWidth="100"
         itemHeight="50"
         offsetX="0" offsetY="0"
         thumbSpacer="10"
         currentThumbsCount="0"
         adjustToContent="false"
         zorder="1"
         visible="false"
         ready="false">
	
		
    <layer name="thumbsScrollArea_thumbnailsBar"
           url.flash="%FIRSTXML%/graphics/scrollarea.swf"
           url.html5="%FIRSTXML%/graphics/scrollarea.js"
           align="top" x="0" y="0"
           onhover_autoscrolling="false"
           direction="h"/>
	
	</layer>
	
	
	<layer name="scrollPrevArrow_thumbnailsBar" 
         keep="true"
         type="image"
         visible="false"
         parent="thumbnailsBar_thumbnailsBar"
         targetHeight="0"
         targetWidth="0"
         zorder="2"
         onloaded="loadedImages_thumbnailsBar(arrow1);"
         url="%FIRSTXML%/graphics/thumbnailsbar/btn_scroll_left.png"
         align="left"
	/>
	
	
	<layer name="scrollNextArrow_thumbnailsBar" 
         keep="true"
         type="image"
         visible="false"
         parent="thumbnailsBar_thumbnailsBar"
         targetHeight="0"
         targetWidth="0"
         zorder="2"
         onloaded="loadedImages_thumbnailsBar(arrow2);"
         url="%FIRSTXML%/graphics/thumbnailsbar/btn_scroll_right.png"
         align="right"
	/>
	
	<action name="loadedImages_thumbnailsBar">
		if(%1 == "arrow1",
			set(arrow1Loaded_thumbnailsBar, true);
		);
		if(%1 == "arrow2",
			set(arrow2Loaded_thumbnailsBar, true);
		);
		if(%1 == "border",
			if(layer[thumbnailBorderSource_thumbnailsBar].url,
				set(borderLoaded_thumbnailsBar, true);
			);
		);
		if(%1 == "thumbnail",
			inc(thumbnailsLoadedCounter_thumbnailsBar);
		);
	</action>
	
	<action name="onLoadCompleteHandler_thumbnailsBar">
		
		set(thumbsCount_thumbnailsBar, 0);
		
		
		set(thumbsCount_thumbnailsBar, get(scene.count));
		
		
		
		
		
		
		
		loadThumbs_thumbnailsBar();
		
		if(firstInit_thumbnailsBar,
			onLoadCompleteHandlerPartThree_thumbnailsBar();
		,
			onLoadCompleteHandlerPartTwo_thumbnailsBar();
		);
	</action>
	
	<action name="onLoadCompleteHandlerPartTwo_thumbnailsBar">
		set(imgCounter_thumbnailsBar, 3);
		
		if(arrow1Loaded_thumbnailsBar,
			dec(imgCounter_thumbnailsBar);
		);
		if(arrow2Loaded_thumbnailsBar,
			dec(imgCounter_thumbnailsBar);
		);
		if(thumbsCount_thumbnailsBar == thumbnailsLoadedCounter_thumbnailsBar,
			dec(imgCounter_thumbnailsBar);
		);
		
		if(imgCounter_thumbnailsBar LE 0,
			stopdelayedcall(delayedCallOnLoadComplete_thumbnailsBar);
			onLoadCompleteHandlerPartThree_thumbnailsBar();
		,
			delayedcall(delayedCallOnLoadComplete_thumbnailsBar, 0.2, onLoadCompleteHandlerPartTwo_thumbnailsBar());
		);
	</action>
	
	<action name="onLoadCompleteHandlerPartThree_thumbnailsBar">
		resetMouseBehavior_thumbnailsBar();
		highlightCurrentThumb_thumbnailsBar();
		
		
		if(layer[scrollAreaContainer_thumbnailsBar].adjustToContent,
			mul(adjustWidth_thumbnailsBar, get(layer[scrollAreaContainer_thumbnailsBar].marginX), 2);
			add(adjustWidth_thumbnailsBar, get(layer[thumbsScrollArea_thumbnailsBar].width));
			mul(adjustHeight_thumbnailsBar, get(layer[scrollAreaContainer_thumbnailsBar].marginY), 2);
			add(adjustHeight_thumbnailsBar, get(layer[thumbsScrollArea_thumbnailsBar].height));
			
			
			if(adjustWidth_thumbnailsBar GT stagewidth,
				set(adjustWidth_thumbnailsBar, get(stagewidth));
				set(layer[scrollAreaContainer_thumbnailsBar].adjustToContent, false);
			,
				if(adjustHeight_thumbnailsBar GT stageheight,
					set(adjustHeight_thumbnailsBar, get(stageheight));
					set(layer[scrollAreaContainer_thumbnailsBar].adjustToContent, false);
				);
			);
			
			setSize_thumbnailsBar(get(adjustWidth_thumbnailsBar), get(adjustHeight_thumbnailsBar));
		);
		
		setupArrows_thumbnailsBar(true);
		
		
		if (thumbsCounter_thumbnailsBar LE 0,
			set(layer[thumbnailsBar_thumbnailsBar].visible, false);
		);
		
		
		set(startResize_thumbnailsBar, true);
		set(firstInit_thumbnailsBar, true);
	</action>
	
	
	<action name="onResizeHandler_thumbnailsBar">
		
		delayedcall(0.1, onResizeCallback_thumbnailsBar(false); );
	</action>
	
	
	<action name="onResizeCallback_thumbnailsBar">
		if(startResize_thumbnailsBar,
			setSize_thumbnailsBar(get(layer[scrollAreaContainer_thumbnailsBar].targetWidth), get(layer[scrollAreaContainer_thumbnailsBar].targetHeight));
			setupArrows_thumbnailsBar(%1);
			
			
			if (thumbsCounter_thumbnailsBar LE 0,
				set(layer[thumbnailsBar_thumbnailsBar].visible, false);
			);
		);
	</action>
	
	
		<action name="showWithThumbnailsButton_thumbnailsBar">
			set(layer[thumbnailsBar_thumbnailsBar].visible, true);
			onResizeCallback_thumbnailsBar(true);
		</action>
		
		<action name="hideWithThumbnailsButton_thumbnailsBar">
			set(layer[thumbnailsBar_thumbnailsBar].visible, false);
		</action>
	
	
		<action name="showWithControlsBar_thumbnailsBar">
			
				if (tour_displaythumbnails,
					set(layer[thumbnailsBar_thumbnailsBar].visible, true);
					onResizeCallback_thumbnailsBar(true);
				,
					set(layer[thumbnailsBar_thumbnailsBar].visible, false);
				);
		</action>
		
		<action name="hideWithControlsBar_thumbnailsBar">
			set(layer[thumbnailsBar_thumbnailsBar].visible, false);
		</action>
	
	
	<action name="thumbnailBorderDrawInit_thumbnailsBar">
		
		set(layer[scrollAreaContainer_thumbnailsBar].offsetX, get(layer[thumbnailBorderSource_thumbnailsBar].borderWidth));
		set(layer[scrollAreaContainer_thumbnailsBar].offsetY, get(layer[thumbnailBorderSource_thumbnailsBar].borderWidth));
		
		
		mul(totalOffsetX_thumbnailsBar, get(layer[thumbnailBorderSource_thumbnailsBar].borderWidth), 2);
		mul(totalOffsetY_thumbnailsBar, get(layer[thumbnailBorderSource_thumbnailsBar].borderWidth), 2);
		
		
		if(startResize_thumbnailsBar,
			sub(layer[scrollAreaContainer_thumbnailsBar].itemWidth, get(totalOffsetX_thumbnailsBar));
			sub(layer[scrollAreaContainer_thumbnailsBar].itemHeight, get(totalOffsetY_thumbnailsBar));
		);
		
		
		set(layer[scrollAreaContainer_thumbnailsBar].thumbWidth, get(layer[scrollAreaContainer_thumbnailsBar].itemWidth));
		set(layer[scrollAreaContainer_thumbnailsBar].thumbHeight, get(layer[scrollAreaContainer_thumbnailsBar].itemHeight));
		
		add(layer[scrollAreaContainer_thumbnailsBar].itemWidth, get(totalOffsetX_thumbnailsBar));
		add(layer[scrollAreaContainer_thumbnailsBar].itemHeight, get(totalOffsetY_thumbnailsBar));
	</action>
		
	
	<action name="thumbnailBorderImageInit_thumbnailsBar">
		
		set(layer[scrollAreaContainer_thumbnailsBar].offsetX, get(layer[thumbnailBorderSource_thumbnailsBar].offsetX));
		set(layer[scrollAreaContainer_thumbnailsBar].offsetY, get(layer[thumbnailBorderSource_thumbnailsBar].offsetY));
		
		
		mul(totalOffsetX_thumbnailsBar, get(layer[thumbnailBorderSource_thumbnailsBar].offsetX), 2);
		mul(totalOffsetY_thumbnailsBar, get(layer[thumbnailBorderSource_thumbnailsBar].offsetY), 2);
		
		
		if(startResize_thumbnailsBar,
			sub(layer[scrollAreaContainer_thumbnailsBar].itemWidth, get(totalOffsetX_thumbnailsBar));
			sub(layer[scrollAreaContainer_thumbnailsBar].itemHeight, get(totalOffsetY_thumbnailsBar));
		);
		
		
		set(layer[scrollAreaContainer_thumbnailsBar].thumbWidth, get(layer[scrollAreaContainer_thumbnailsBar].itemWidth));
		set(layer[scrollAreaContainer_thumbnailsBar].thumbHeight, get(layer[scrollAreaContainer_thumbnailsBar].itemHeight));
		
		add(layer[scrollAreaContainer_thumbnailsBar].itemWidth, get(totalOffsetX_thumbnailsBar));
		add(layer[scrollAreaContainer_thumbnailsBar].itemHeight, get(totalOffsetY_thumbnailsBar));
		
		
		div(layer[thumbnailBorderSource_thumbnailsBar].quarterHeight, get(layer[thumbnailBorderSource_thumbnailsBar].height), 4);
		
		
		set(cropX_thumbnailsBar, 0);
		set(cropY_thumbnailsBar, 0);
		set(cropW_thumbnailsBar, get(layer[thumbnailBorderSource_thumbnailsBar].width));
		set(cropH_thumbnailsBar, get(layer[thumbnailBorderSource_thumbnailsBar].quarterHeight));
		txtadd(layer[thumbnailBorderSource_thumbnailsBar].cropDefault, get(cropX_thumbnailsBar), '|', get(cropY_thumbnailsBar), '|', get(cropW_thumbnailsBar), '|', get(cropH_thumbnailsBar));

		
		add(cropY_thumbnailsBar, get(layer[thumbnailBorderSource_thumbnailsBar].quarterHeight));
		txtadd(layer[thumbnailBorderSource_thumbnailsBar].cropHover, get(cropX_thumbnailsBar), '|', get(cropY_thumbnailsBar), '|', get(cropW_thumbnailsBar), '|', get(cropH_thumbnailsBar));
		
		
		add(cropY_thumbnailsBar, get(layer[thumbnailBorderSource_thumbnailsBar].quarterHeight));
		txtadd(layer[thumbnailBorderSource_thumbnailsBar].cropSelected, get(cropX_thumbnailsBar), '|', get(cropY_thumbnailsBar), '|', get(cropW_thumbnailsBar), '|', get(cropH_thumbnailsBar));
		
		
		add(cropY_thumbnailsBar, get(layer[thumbnailBorderSource_thumbnailsBar].quarterHeight));
		txtadd(layer[thumbnailBorderSource_thumbnailsBar].cropVisited, get(cropX_thumbnailsBar), '|', get(cropY_thumbnailsBar), '|', get(cropW_thumbnailsBar), '|', get(cropH_thumbnailsBar));
		
		
		set(scaleX_thumbnailsBar, get(layer[thumbnailBorderSource_thumbnailsBar].offsetX));
		set(scaleY_thumbnailsBar, get(layer[thumbnailBorderSource_thumbnailsBar].offsetY));
		sub(scaleW_thumbnailsBar, get(layer[thumbnailBorderSource_thumbnailsBar].width), get(totalOffsetX_thumbnailsBar));
		sub(scaleH_thumbnailsBar, get(layer[thumbnailBorderSource_thumbnailsBar].quarterHeight), get(totalOffsetY_thumbnailsBar));
		txtadd(layer[thumbnailBorderSource_thumbnailsBar].scale9grid, get(scaleX_thumbnailsBar), '|', get(scaleY_thumbnailsBar), '|', get(scaleW_thumbnailsBar), '|', get(scaleH_thumbnailsBar));
	</action>
	
	
	<action name="loadThumbs_thumbnailsBar">
		if(layer[thumbnailBorderSource_thumbnailsBar].url,
			set(imgCounter_thumbnailsBar, 1);
		,
			set(imgCounter_thumbnailsBar, 0);
		);
		
		if(layer[thumbnailBorderSource_thumbnailsBar].url,
			if(borderLoaded_thumbnailsBar,
				dec(imgCounter_thumbnailsBar);
			);
		);
		
		if(imgCounter_thumbnailsBar LE 0,
			stopdelayedcall(delayedCallOnLoadCompleteBorder_thumbnailsBar);
			loadThumbsPartTwo_thumbnailsBar();
		,
			delayedcall(delayedCallOnLoadCompleteBorder_thumbnailsBar, 0.2, loadThumbs_thumbnailsBar());
		);
	</action>
	
	<action name="loadThumbsPartTwo_thumbnailsBar">
		ifnot(layer[scrollAreaContainer_thumbnailsBar].ready,
			
			
			if(layer[thumbnailBorderSource_thumbnailsBar].url,
				thumbnailBorderImageInit_thumbnailsBar();
			,
				thumbnailBorderDrawInit_thumbnailsBar();
			);
			
			
			set(thumbsCounter_thumbnailsBar, 0);
			
			
				for( set(i_thumbnailsBar, 0), i_thumbnailsBar LT scene.count, inc(i_thumbnailsBar),
					createThumb_thumbnailsBar(get(scene[get(i_thumbnailsBar)].name), get(scene[get(i_thumbnailsBar)].thumburl), get(i_thumbnailsBar), get(scene[get(i_thumbnailsBar)].titleid));
					inc(thumbsCounter_thumbnailsBar);
				);
			
			
			
			
			
			
			set(layer[scrollAreaContainer_thumbnailsBar].currentThumbsCount, get(thumbsCounter_thumbnailsBar));
			
			
			setSize_thumbnailsBar(get(layer[get(layer[scrollAreaContainer_thumbnailsBar].parent)].width), get(layer[get(layer[scrollAreaContainer_thumbnailsBar].parent)].height));
			
			
			set(layer[scrollAreaContainer_thumbnailsBar].visible, true);
			
			
				if (tour_displaycontrols,
					showWithControlsBar_thumbnailsBar();
				,
					hideWithControlsBar_thumbnailsBar();
				);
			
			
			set(layer[scrollAreaContainer_thumbnailsBar].ready, true);
		);
	</action>
	
	
	<action name="setSize_thumbnailsBar">
		
		
		set(layer[scrollAreaContainer_thumbnailsBar].targetWidth, %1);
		set(layer[scrollAreaContainer_thumbnailsBar].targetHeight, %2);
		
		
		set(layer[get(layer[scrollAreaContainer_thumbnailsBar].parent)].width, %1);
		set(layer[get(layer[scrollAreaContainer_thumbnailsBar].parent)].height, %2);
		layer[get(layer[scrollAreaContainer_thumbnailsBar].parent)].updatepos();
		
		
		mul(totalMarginX_thumbnailsBar, get(layer[scrollAreaContainer_thumbnailsBar].marginX), 2);
		mul(totalMarginY_thumbnailsBar, get(layer[scrollAreaContainer_thumbnailsBar].marginY), 2);
		
			add(totalPluginHeight_thumbnailsBar, get(totalMarginY_thumbnailsBar), get(layer[scrollAreaContainer_thumbnailsBar].itemHeight));
			
			
			
			if(layer[get(layer[scrollAreaContainer_thumbnailsBar].parent)].pixelheight LT totalPluginHeight_thumbnailsBar,
				set(layer[get(layer[scrollAreaContainer_thumbnailsBar].parent)].height, get(totalPluginHeight_thumbnailsBar));
			);
		
		layer[get(layer[scrollAreaContainer_thumbnailsBar].parent)].updatepos();
		
		
		sub(containerWidth_thumbnailsBar, get(layer[get(layer[scrollAreaContainer_thumbnailsBar].parent)].pixelwidth), get(totalMarginX_thumbnailsBar));
		sub(containerHeight_thumbnailsBar, get(layer[get(layer[scrollAreaContainer_thumbnailsBar].parent)].pixelheight), get(totalMarginY_thumbnailsBar));

		
		set(layer[scrollAreaContainer_thumbnailsBar].width, get(containerWidth_thumbnailsBar));
		set(layer[scrollAreaContainer_thumbnailsBar].height, get(containerHeight_thumbnailsBar));
		
		set(scrollAreaSize_thumbnailsBar, 0);
		
		
		mul(totalThumbsSpacer_thumbnailsBar, get(layer[scrollAreaContainer_thumbnailsBar].currentThumbsCount), get(layer[scrollAreaContainer_thumbnailsBar].thumbSpacer));
		sub(totalThumbsSpacer_thumbnailsBar, get(layer[scrollAreaContainer_thumbnailsBar].thumbSpacer));
		
		set(layer[get(layer[scrollAreaContainer_thumbnailsBar].parent)].visible, true);
		

			mul(scrollAreaSize_thumbnailsBar, get(layer[scrollAreaContainer_thumbnailsBar].itemWidth), get(layer[scrollAreaContainer_thumbnailsBar].currentThumbsCount));
			add(scrollAreaSize_thumbnailsBar, get(totalThumbsSpacer_thumbnailsBar));
			
			set(layer[thumbsScrollArea_thumbnailsBar].width, get(scrollAreaSize_thumbnailsBar));
			set(layer[thumbsScrollArea_thumbnailsBar].height, get(layer[scrollAreaContainer_thumbnailsBar].itemHeight));
			
			
			if(layer[scrollAreaContainer_thumbnailsBar].width LT layer[scrollAreaContainer_thumbnailsBar].itemWidth,
				set(layer[get(layer[scrollAreaContainer_thumbnailsBar].parent)].visible, false);
			,
				verifyThumbnailsBarVisibility_thumbnailsBar();
			);
			
		
		
		if(layer[get(layer[scrollAreaContainer_thumbnailsBar].parent)].width LT 0,
			set(layer[get(layer[scrollAreaContainer_thumbnailsBar].parent)].visible, false);
		);
		
	</action>
	
	
	<action name="verifyThumbnailsBarVisibility_thumbnailsBar">
		if(layer[get(layer[scrollAreaContainer_thumbnailsBar].parent)].visible,
			set(boolValue_thumbnailsBar, false);
			
			if (tour_displaythumbnails,
				if (tour_displaycontrols,
					set(boolValue_thumbnailsBar, true);
				);
			);
			
			set(layer[get(layer[scrollAreaContainer_thumbnailsBar].parent)].visible, get(boolValue_thumbnailsBar));
		);
	</action>
	
	
	<action name="createThumb_thumbnailsBar">

			add(offsetFactor_thumbnailsBar, get(layer[scrollAreaContainer_thumbnailsBar].itemWidth), get(layer[scrollAreaContainer_thumbnailsBar].thumbSpacer));
	
			mul(thumbIncPos_thumbnailsBar, %3, get(offsetFactor_thumbnailsBar));
			
			
			if(layer[thumbnailBorderSource_thumbnailsBar].url,
				add(thumbIncPos_thumbnailsBar, get(layer[scrollAreaContainer_thumbnailsBar].offsetX));
			);
			
		
		mul(negativeOffsetX_thumbnailsBar, get(layer[scrollAreaContainer_thumbnailsBar].offsetX), -1);
		mul(negativeOffsetY_thumbnailsBar, get(layer[scrollAreaContainer_thumbnailsBar].offsetY), -1);
		
		set(thumbName, 'thumb_');
		txtadd(thumbName, %1);
		txtadd(thumbName, '_thumbnailsBar');
		addlayer(get(thumbName));

		

		set(thumbBorderName, 'thumbBorder_');
		txtadd(thumbBorderName, %1);
		txtadd(thumbBorderName, '_thumbnailsBar');
		addlayer(get(thumbBorderName));
		
		
		ifnot(layer[thumbnailBorderSource_thumbnailsBar].url,
			set(layer[get(thumbBorderName)].type, container);
			set(layer[get(thumbBorderName)].parent, thumbsScrollArea_thumbnailsBar);
		);

		
		set(layer[get(thumbName)].onloaded, loadedImages_thumbnailsBar("thumbnail"););
		set(layer[get(thumbName)].url, %2);
		set(layer[get(thumbName)].keep, true);
		set(layer[get(thumbName)].width, get(layer[scrollAreaContainer_thumbnailsBar].thumbWidth));
		set(layer[get(thumbName)].height, get(layer[scrollAreaContainer_thumbnailsBar].thumbHeight));
		set(layer[get(thumbName)].align, topleft);
		
		
			set(layer[get(thumbName)].y, get(layer[scrollAreaContainer_thumbnailsBar].offsetY));
		
			if(layer[thumbnailBorderSource_thumbnailsBar].url,
				set(layer[get(thumbName)].parent, thumbsScrollArea_thumbnailsBar);
				set(layer[get(thumbName)].x, get(thumbIncPos_thumbnailsBar));
			,
				set(layer[get(thumbName)].parent, get(thumbBorderName));
				set(layer[get(thumbName)].x, get(layer[scrollAreaContainer_thumbnailsBar].offsetX));
				set(layer[get(thumbName)].onclick, resetMouseBehavior_thumbnailsBar(); mainloadscene(%1); delayedcall(0.1,highlightThumb_thumbnailsBar(%1)));
			);	
			
		
		
		set(layer[get(thumbBorderName)].keep, true);
		set(layer[get(thumbBorderName)].width, get(layer[scrollAreaContainer_thumbnailsBar].itemWidth));
		set(layer[get(thumbBorderName)].height, get(layer[scrollAreaContainer_thumbnailsBar].itemHeight));
		set(layer[get(thumbBorderName)].align, topleft);
		
		if(layer[thumbnailBorderSource_thumbnailsBar].url,
			set(layer[get(thumbBorderName)].url, get(layer[thumbnailBorderSource_thumbnailsBar].url));
			set(layer[get(thumbBorderName)].scale9grid, get(layer[thumbnailBorderSource_thumbnailsBar].scale9grid));
			set(layer[get(thumbBorderName)].parent, get(thumbName));
			set(layer[get(thumbBorderName)].x, get(negativeOffsetX_thumbnailsBar));
			set(layer[get(thumbBorderName)].y, get(negativeOffsetY_thumbnailsBar));
			set(layer[get(thumbBorderName)].onclick, resetMouseBehavior_thumbnailsBar(); mainloadscene(%1); delayedcall(0.1,highlightThumb_thumbnailsBar(%1)));
		,
			
				set(layer[get(thumbBorderName)].x, get(thumbIncPos_thumbnailsBar)); 
				
		);


		
		setupMouseBehavior_thumbnailsBar(%1, %4);
		
	</action>
	
	
	
	<action name="removeThumb_thumbnailsBar">
		set(thumbName, 'thumb_');
		txtadd(thumbName, %1);
		txtadd(thumbName, '_thumbnailsBar');
		removelayer(get(thumbName));
		
		set(thumbBorderName, 'thumbBorder_');
		txtadd(thumbBorderName, %1);
		txtadd(thumbBorderName, '_thumbnailsBar');
		removelayer(get(thumbBorderName));


	</action>
	
	
	
	<action name="setupArrows_thumbnailsBar">
		
		if(layer[scrollAreaContainer_thumbnailsBar].adjustToContent,
			hideArrows_thumbnailsBar();
		,
			ifnot(device.touchdevice,
				
					if(layer[scrollAreaContainer_thumbnailsBar].width LT layer[thumbsScrollArea_thumbnailsBar].width,
				
					showArrows_thumbnailsBar();
				,
					hideArrows_thumbnailsBar();
				);
			,
				hideArrows_thumbnailsBar();
			);
		);
		
		
		if(%1,
			scrollToCurrentThumb_thumbnailsBar();
		);
		
		
			
			if(layer[scrollAreaContainer_thumbnailsBar].width LT layer[scrollAreaContainer_thumbnailsBar].itemWidth,
				set(layer[get(layer[scrollAreaContainer_thumbnailsBar].parent)].visible, false);
			);
	</action>
	
	
	<action name="showArrows_thumbnailsBar">
		
		
		
		
		set(layer[scrollPrevArrow_thumbnailsBar].visible, true);
		set(layer[scrollNextArrow_thumbnailsBar].visible, true);
		
		
		
			
			add(totalArrowSize_thumbnailsBar, get(layer[scrollPrevArrow_thumbnailsBar].width), get(layer[scrollNextArrow_thumbnailsBar].width));
		
			
			sub(scrollAreaContainerSize_thumbnailsBar, get(layer[get(layer[scrollAreaContainer_thumbnailsBar].parent)].pixelwidth), get(totalArrowSize_thumbnailsBar));
		
			set(layer[scrollAreaContainer_thumbnailsBar].width, get(scrollAreaContainerSize_thumbnailsBar));
			
			set(layer[scrollAreaContainer_thumbnailsBar].x, get(layer[scrollPrevArrow_thumbnailsBar].width));
			
		
		
		set(layer[scrollPrevArrow_thumbnailsBar].onhover, scrollPrev_thumbnailsBar(););
		set(layer[scrollNextArrow_thumbnailsBar].onhover, scrollNext_thumbnailsBar(););
		
		set(layer[scrollPrevArrow_thumbnailsBar].onclick, scrollPrev_thumbnailsBar(get(layer[scrollAreaContainer_thumbnailsBar].scrollSpeedAcceleration)););
		set(layer[scrollNextArrow_thumbnailsBar].onclick, scrollNext_thumbnailsBar(get(layer[scrollAreaContainer_thumbnailsBar].scrollSpeedAcceleration)););
		
		
		
		
		
		set(layer[scrollPrevArrow_thumbnailsBar].onout, set(layer[scrollAreaContainer_thumbnailsBar].scrollSpeed, get(layer[scrollAreaContainer_thumbnailsBar].scrollSpeedInit)););
		set(layer[scrollNextArrow_thumbnailsBar].onout, set(layer[scrollAreaContainer_thumbnailsBar].scrollSpeed, get(layer[scrollAreaContainer_thumbnailsBar].scrollSpeedInit)););
		
	</action>
	
	
	
	
	<action name="hideArrows_thumbnailsBar">
		
		set(layer[scrollPrevArrow_thumbnailsBar].visible, false);
		set(layer[scrollNextArrow_thumbnailsBar].visible, false);
		
		

			mul(totalMargin_thumbnailsBar, get(layer[scrollAreaContainer_thumbnailsBar].marginX), 2);
			
			sub(scrollAreaContainerSize_thumbnailsBar, get(layer[get(layer[scrollAreaContainer_thumbnailsBar].parent)].pixelwidth), get(totalMargin_thumbnailsBar));

			set(layer[scrollAreaContainer_thumbnailsBar].width, get(scrollAreaContainerSize_thumbnailsBar));
			set(layer[scrollAreaContainer_thumbnailsBar].x, get(layer[scrollAreaContainer_thumbnailsBar].marginX));
			 
			
	</action>
	
	
	<action name="scrollPrev_thumbnailsBar">
		
		
		if(%1,
			inc(layer[scrollAreaContainer_thumbnailsBar].scrollSpeed, %1);
		);
		
		layer[thumbsScrollArea_thumbnailsBar].stopscrolling();
		
		set(scrollLimit_thumbnailsBar, 0);
		
		
			
				sub(scrollLimit_thumbnailsBar, get(layer[thumbsScrollArea_thumbnailsBar].width), get(layer[scrollAreaContainer_thumbnailsBar].width));
				div(scrollLimit_thumbnailsBar, 2);
			
			add(layer[thumbsScrollArea_thumbnailsBar].x, get(layer[scrollAreaContainer_thumbnailsBar].scrollSpeed));
			if(layer[thumbsScrollArea_thumbnailsBar].x GE scrollLimit_thumbnailsBar,
				set(layer[thumbsScrollArea_thumbnailsBar].x, get(scrollLimit_thumbnailsBar));
			);
		
		if(layer[scrollAreaContainer_thumbnailsBar].scrollSpeed LT layer[scrollAreaContainer_thumbnailsBar].scrollSpeedMax,
			inc(layer[scrollAreaContainer_thumbnailsBar].scrollSpeed);
		);
		
	</action>
	
	
	<action name="scrollNext_thumbnailsBar">
		
		
		if(%1,
			inc(layer[scrollAreaContainer_thumbnailsBar].scrollSpeed, %1);
		);
		
		layer[thumbsScrollArea_thumbnailsBar].stopscrolling();
		
			
			sub(scrollLimit_thumbnailsBar, get(layer[thumbsScrollArea_thumbnailsBar].width), get(layer[scrollAreaContainer_thumbnailsBar].width));
			
				div(scrollLimit_thumbnailsBar, 2);
			mul(scrollLimit_thumbnailsBar, -1);
			
			sub(layer[thumbsScrollArea_thumbnailsBar].x, get(layer[scrollAreaContainer_thumbnailsBar].scrollSpeed));
			if(layer[thumbsScrollArea_thumbnailsBar].x LE scrollLimit_thumbnailsBar,
				set(layer[thumbsScrollArea_thumbnailsBar].x, get(scrollLimit_thumbnailsBar));
			);
		
		if(layer[scrollAreaContainer_thumbnailsBar].scrollSpeed LT layer[scrollAreaContainer_thumbnailsBar].scrollSpeedMax,
			inc(layer[scrollAreaContainer_thumbnailsBar].scrollSpeed);
		);
		
	</action>
	
	
	<action name="resetMouseBehavior_thumbnailsBar">
	
		
		
			for( set(j_thumbnailsBar, 0), j_thumbnailsBar LT scene.count, inc(j_thumbnailsBar),
				set(thumbBorderName, 'thumbBorder_');
				txtadd(thumbBorderName, get(scene[get(j_thumbnailsBar)].name));
				txtadd(thumbBorderName, '_thumbnailsBar');
				
				setupMouseBehavior_thumbnailsBar(get(scene[get(j_thumbnailsBar)].name), get(scene[get(j_thumbnailsBar)].titleid));
			);
		
	</action>
	
	
	<action name="setupMouseBehavior_thumbnailsBar">

		set(thumbName, 'thumb_');
		txtadd(thumbName, %1);
		txtadd(thumbName, '_thumbnailsBar');
		
		set(thumbBorderName, 'thumbBorder_');
		txtadd(thumbBorderName, %1);
		txtadd(thumbBorderName, '_thumbnailsBar');
		
		if(layer[thumbnailBorderSource_thumbnailsBar].url,
			set(layer[get(thumbBorderName)].crop, get(layer[thumbnailBorderSource_thumbnailsBar].cropDefault));
			set(layer[get(thumbBorderName)].onovercrop, get(layer[thumbnailBorderSource_thumbnailsBar].cropHover));
			set(layer[get(thumbBorderName)].ondowncrop, get(layer[thumbnailBorderSource_thumbnailsBar].cropHover));
			set(layer[get(thumbBorderName)].tooltip, %2);
		,
			set(layer[get(thumbBorderName)].bgcolor, get(layer[thumbnailBorderSource_thumbnailsBar].borderColorDefault));
			set(layer[get(thumbBorderName)].bgalpha, get(layer[thumbnailBorderSource_thumbnailsBar].borderAlphaDefault));
			
			set(layer[get(thumbName)].onover, 
				set(layer[get(parent)].bgcolor, get(layer[thumbnailBorderSource_thumbnailsBar].borderColorHover));
				set(layer[get(parent)].bgalpha, get(layer[thumbnailBorderSource_thumbnailsBar].borderAlphaHover));
			);
			
			set(layer[get(thumbName)].onout, 
				set(layer[get(parent)].bgcolor, get(layer[thumbnailBorderSource_thumbnailsBar].borderColorDefault));
				set(layer[get(parent)].bgalpha, get(layer[thumbnailBorderSource_thumbnailsBar].borderAlphaDefault));
				
			);
		);
	
	</action>
	
	
	<action name="highlightCurrentThumb_thumbnailsBar">
			delayedcall(0.1,highlightThumb_thumbnailsBar(get(xml.scene)));
	</action>
	
	
	<action name="highlightThumb_thumbnailsBar">
	
		set(thumbBorderName, 'thumbBorder_');
		txtadd(thumbBorderName, %1);
		txtadd(thumbBorderName, '_thumbnailsBar');
		
		if(layer[thumbnailBorderSource_thumbnailsBar].url,
			set(layer[get(thumbBorderName)].crop, get(layer[thumbnailBorderSource_thumbnailsBar].cropSelected));
			set(layer[get(thumbBorderName)].onovercrop, get(layer[thumbnailBorderSource_thumbnailsBar].cropSelected));
			set(layer[get(thumbBorderName)].ondowncrop, get(layer[thumbnailBorderSource_thumbnailsBar].cropSelected));
		,
			set(thumbName, 'thumb_');
			txtadd(thumbName, %1);
			txtadd(thumbName, '_thumbnailsBar');
			
			set(layer[get(thumbBorderName)].bgcolor, get(layer[thumbnailBorderSource_thumbnailsBar].borderColorSelected));
			set(layer[get(thumbBorderName)].bgalpha, get(layer[thumbnailBorderSource_thumbnailsBar].borderAlphaSelected));
			
			set(layer[get(thumbName)].onover, "");
			set(layer[get(thumbName)].onout, "");
		);

		scrollToThumb_thumbnailsBar(%1);
	</action>
	
	
	<action name="scrollToCurrentThumb_thumbnailsBar">
			scrollToThumb_thumbnailsBar(get(xml.scene));
	</action>
	
	
	<action name="scrollToThumb_thumbnailsBar">
		
		set(thumbName, 'thumb_');
		set(thumbBorderName, 'thumbBorder_');
		
		txtadd(thumbName, %1);
		txtadd(thumbName, '_thumbnailsBar');
		txtadd(thumbBorderName, %1);
		txtadd(thumbBorderName, '_thumbnailsBar');

			set(posX_thumbnailsBar, 0);
			if(layer[thumbnailBorderSource_thumbnailsBar].url,
				div(halfThumbWidth_thumbnailsBar, get(layer[get(thumbName)].width), 2);
				ifnot(layer[scrollAreaContainer_thumbnailsBar].adjustToContent,
					add(posX_thumbnailsBar, get(layer[get(thumbName)].x), get(halfThumbWidth_thumbnailsBar));
				);
				if(layer[thumbsScrollArea_thumbnailsBar].scrolltocenter,
					layer[thumbsScrollArea_thumbnailsBar].scrolltocenter(get(posX_thumbnailsBar), 0);
				);
			,
				div(halfThumbWidth_thumbnailsBar, get(layer[get(thumbBorderName)].width), 2);
				ifnot(layer[scrollAreaContainer_thumbnailsBar].adjustToContent,
					add(posX_thumbnailsBar, get(layer[get(thumbBorderName)].x), get(halfThumbWidth_thumbnailsBar));
				);
				if(layer[thumbsScrollArea_thumbnailsBar].scrolltocenter,
					layer[thumbsScrollArea_thumbnailsBar].scrolltocenter(get(posX_thumbnailsBar), 0);
				);
			);
		
	</action>
	





<!-- ********** -->
<!-- Logo -->
<!-- id : logo -->
<!-- ********** -->


  <layer align="bottomright"
         x="5"
         y="0"
         zorder="11"
         name="logo"
         keep="true"
         visible="false"
         capture="false"

         url="%FIRSTXML%/graphics/logo/logo4.png" 
         onclick="
getmessage(urltoopen,logowebsiteurl);openurl(get(urltoopen),_blank);
"

         width="80"
         height="prop"

         />

  <events name="logoevents" 
    onTourStart="showlogo();"
    hidetourcontrols="hidelogo();"
    showtourcontrols="showlogo();"
    keep="true" />

  <action name="hidelogo">
    set(layer[logo].visible, false);
  </action>
  <action name="showlogo">
    if (tour_displaycontrols,
      set(layer[logo].visible, true);
    );
  </action>





<!-- ********** -->
<!-- Context menu -->
<!-- id : contextmenu -->
<!-- ********** -->
  <contextmenu fullscreen="false" versioninfo="false" touch="true">
    <item name="website1" onclick="getmessage(urltoopen,contextmenuwebsiteurl1);openurl(get(urltoopen),_blank);" />
    <item name="fullscreenentry" onclick="enterFullscreen();
" separator="true"/>
    <item name="vrmodeentry" onclick="if(scene[get(xml.scene)].full360 AND disableCurrentSceneVrConservation !== true,
    js(accessWebVr(get(xml.scene),get(videoscenestarttime)));
,
    js(accessWebVr(null));
);" />
  </contextmenu>

  <events name="contextmenuevents" keep="true" 
    onenterfullscreen="updateContextMenu" onexitfullscreen="updateContextMenu" 
    onxmlcomplete="updateContextMenu" 
    changetourlanguage="updateContextMenu" 
    />
  <events name="contextmenuvrevents" keep="true" 
    onvravailable="updateContextMenu();" onvrunavailable="updateContextMenu();"
    devices="html5"
    />
  <action name="updateContextMenu">
    getmessage(contextmenu.item[website1].caption, contextmenuopenwebsitelabel1);
    if (device.fullscreensupport,
      if(tour_fullscreen,
        getmessage(contextmenu.item[fullscreenentry].caption, contextmenucloseFsLabel);
        set(contextmenu.item[fullscreenentry].onclick, exitFullscreen();
);
       ,
        getmessage(contextmenu.item[fullscreenentry].caption, contextmenuopenFsLabel);
        set(contextmenu.item[fullscreenentry].onclick, enterFullscreen();
);
      );
     ,
      set(contextmenu.item[fullscreenentry].visible, false);
    );
    if (device.html5 AND tour_vrdevices,
      getmessage(contextmenu.item[vrmodeentry].caption, contextmenuopenVrLabel);
      set(contextmenu.item[vrmodeentry].onclick, if(scene[get(xml.scene)].full360 AND disableCurrentSceneVrConservation !== true,
    js(accessWebVr(get(xml.scene),get(videoscenestarttime)));
,
    js(accessWebVr(null));
););
     ,
      set(contextmenu.item[vrmodeentry].visible, false);
    );
  </action>

<!-- ********** -->
<!-- WebVR Button -->
<!-- id : webvrbutton -->
<!-- ********** -->


	<layer name="webvrbutton"
		keep="true"
		blocked="false"
		url="%FIRSTXML%/graphics/webvrbutton/vr-icon.png"
		align="left"
		x="10"
		y="10"
		zorder="13"
		visible="false"
		onclick="if(scene[get(xml.scene)].full360 AND disableCurrentSceneVrConservation !== true,
    js(accessWebVr(get(xml.scene),get(videoscenestarttime)));
,
    js(accessWebVr(null));
);"

		height="30"
		width="30"
		/>

	<events name="webvrbuttonevents"
		onvrunavailable="hidewebvrbutton(true);"
		onTourStart="showwebvrbutton();"
		keep="true" />
	<action name="hidewebvrbutton">if(%1 == true,set(layer[webvrbutton].blocked, true););set(layer[webvrbutton].visible, false);</action>
	<action name="showwebvrbutton">if(layer[webvrbutton].blocked == false,set(layer[webvrbutton].visible, true););</action>


<!-- ********** -->
<!-- Previous/Next Keys -->
<!-- id : prevNextKeys -->
<!-- ********** -->


<events name="prevNextKeysEvents" 
	keep="true" 
	onkeyup="if(keycode == 33,loadPreviousScene();
,if(keycode == 34,loadNextScene();
););" 
	/>


	<!-- WebVR plugin for VR availability tests -->

	<plugin name="ptpvrmode" devices="html5" keep="true"
		url="%FIRSTXML%/graphics/webvr.js"
		mobilevr_support="true"
		mobilevr_fake_support="true"
		vr_cursor=""
		vr_cursor_enabled="false"
		onavailable="delayedcall(1, checkVrAvailability(););"
		onunavailable="checkVrUnavailable();"
		/>
	<action name="checkVrAvailability">
		if(plugin[ptpvrmode],
			if (plugin[ptpvrmode].isavailable,
				set(tour_vrdevices, true);
				events.dispatch(onvravailable);
			,
				set(tour_vrdevices, false);
			);
		,
			checkVrUnavailable();
		);
	</action>
	<action name="checkVrUnavailable">
		set(tour_vrdevices, false);
		events.dispatch(onvrunavailable);
	</action>
  <!-- Fullscreen Management -->
  <action name="exitFullScreen" devices="fullscreensupport">set(tour_fullscreen,false);set(fullscreen,false);</action>
  <action name="enterFullScreen" devices="fullscreensupport">set(tour_fullscreen,true);set(fullscreen,true);</action>
  <action name="switchFullScreen">if(tour_fullscreen,exitFullScreen();,enterFullScreen(););</action>

  
  <events name="krpanoExitFullscreenEvent"
    onexitfullscreen="if(tour_fullscreen,exitFullScreenChangeEvent(););"
    keep="true" />

  <action name="exitFullScreenChangeEvent" devices="fullscreensupport">set(tour_fullscreen,false);events.dispatch(onexitfullscreen);</action>

  <!-- Hide / Show Thumbnails -->
  <action name="hideTourThumbnails">set(tour_displaythumbnails, false);events.dispatch(hidetourthumbnails);</action>
  <action name="showTourThumbnails">set(tour_displaythumbnails, true); events.dispatch(showtourthumbnails);</action>


  <!-- Hide / Show Controls -->
  <action name="hideTourControls">set(tour_displaycontrols, false);events.dispatch(hidetourcontrols);</action>
  <action name="showTourControls">set(tour_displaycontrols, true); events.dispatch(showtourcontrols);</action>


<action name="viewControlZoomIn">
	if(%1,
		if(%2,
			if(%2 LT view.fovmin,
				zoomto(get(view.fovmin));
			,
				if(%2 LT view.fov,
					zoomto(%2);
				);
			);
		,
			set(fov_moveforce, -1);
			delayedcall(0.1, viewControlZoomStop());
		);
	,
		set(fov_moveforce, -1);
	);
</action>
<action name="viewControlZoomOut">
	if(%1,
		if(%2,
			if(%2 GT view.fovmax,
				zoomto(get(view.fovmax));
			,
				if(%2 GT view.fov,
					zoomto(%2);
				);
			);
		,
			set(fov_moveforce, +1);
			delayedcall(0.1, viewControlZoomStop());
		);
	,
		set(fov_moveforce, +1);
	);
</action>
<action name="viewControlZoomStop">
	set(fov_moveforce, 0);
</action>

<action name="viewControlMoveUp">
	if(%1,
		if(%2,
			set(isfullvertical, false);
			ifnot(scene[get(xml.scene)].planar,
				sub(viewvfov, panoview.vmax, panoview.vmin);
				if (viewvfov == 180,
					set(isfullvertical, true);
				);
			);
			if(isfullvertical == false AND calc(view.vlookat-%2) LT view.vlookatmin,
				moveto(get(view.hlookat), get(view.vlookatmin));
			,
				moveto(get(view.hlookat), calc(view.vlookat-%2));
			);
		,
			set(vlookat_moveforce, -1);
			delayedcall(0.1, viewControlMoveVertStop());
		);
	,
		set(vlookat_moveforce, -1);
	);
</action>
<action name="viewControlMoveDown">
	if(%1,
		if(%2,
			set(isfullvertical, false);
			ifnot(scene[get(xml.scene)].planar,
				sub(viewvfov, panoview.vmax, panoview.vmin);
				if (viewvfov == 180,
					set(isfullvertical, true);
				);
			);
			if(sceneisfull360 == false AND calc(view.vlookat+%2) GT view.vlookatmax,
				moveto(get(view.hlookat), get(view.vlookatmax));
			,
				moveto(get(view.hlookat), calc(view.vlookat+%2));
			);
		,
			set(vlookat_moveforce, +1);
			delayedcall(0.1, viewControlMoveVertStop());
		);
	,
		set(vlookat_moveforce, +1);
	);
</action>
<action name="viewControlMoveLeft">
	if(%1,
		if(%2,
			set(isfullhorizontal, false);
			ifnot(scene[get(xml.scene)].planar,
				sub(viewhfov, panoview.hmax, panoview.hmin);
				if (viewhfov == 360,
					set(isfullhorizontal, true);
				);
			);
			if(isfullhorizontal == false AND calc(view.hlookat-%2) LT view.hlookatmin,
				moveto(get(view.hlookatmin), get(view.vlookat));
			,
				moveto(calc(view.hlookat-%2), get(view.vlookat));
			);
		,
			set(hlookat_moveforce, -1);
			delayedcall(0.1, viewControlMoveHoriStop());
		);
	,
		set(hlookat_moveforce, -1);
	);
</action>
<action name="viewControlMoveRight">
	if(%1,
		if(%2,
			set(isfullhorizontal, false);
			ifnot(scene[get(xml.scene)].planar,
				sub(viewhfov, panoview.hmax, panoview.hmin);
				if (viewhfov == 360,
					set(isfullhorizontal, true);
				);
			);
			if(isfullhorizontal == false AND calc(view.hlookat+%2) GT view.hlookatmax,
				moveto(get(view.hlookatmax), get(view.vlookat));
			,
				moveto(calc(view.hlookat+%2), get(view.vlookat));
			);
		,
			set(hlookat_moveforce, +1);
			delayedcall(0.1, viewControlMoveHoriStop());
			
		);
	,
		set(hlookat_moveforce, +1);
	);
</action>
<action name="viewControlMoveHoriStop">
	set(hlookat_moveforce, 0);
</action>
<action name="viewControlMoveVertStop">
	set(vlookat_moveforce, 0);
</action>

</krpano>