<?xml version="1.0" encoding="UTF-8"?>
<krpano version="1.20.2"
        onstart="startup"
        logkey="false"
        debugmode="false"
        debugkeys="true"
        debugjsactions="false"
        debugjsplugins="false"
        bgcolor="#ffffff"
        projectfloorplanurl=""
        projecttitleid="project_title"
        projectdescriptionid="">


  <security cors="">
    <!--
    <crossdomainxml url="http://RESSOURCES_URL/crossdomain.xml" />
    -->
    <allowdomain domain="*" />
  </security>

  <krpano tour_firststartactiondone="false" />
  <events name="startbehavioursevents" onxmlcomplete="startbehavioursxmlcompleteaction();" keep="true"/>

  <!-- generated by Panotour Pro V2.5.14 64bits : 25-01-2020 14-24-27 -->
  <!-- Project file : E:/Работа/CD/3D Панорама/КЛИЕНТЫ/VALO/1.kpt -->
  <!-- Plugins and Spot Styles -->
  <include url="%FIRSTXML%/index_skin.xml"/>
  <!-- Core actions -->
  <include url="%FIRSTXML%/index_core.xml"/>
  <!-- Tour Messages -->
  <include url="%FIRSTXML%/index_messages_ru.xml"/>

  <action name="startup">

    if (s !== null, if (startscene === null OR startscene === "undefined", set(startscene, get(s));); );
    if (startscene === null OR startscene === "undefined",
      set(startscene, pano29);
    );
    if(startlanguage !== null AND startlanguage !== "undefined",
      set(tour_language, get(startlanguage));
    );
    if(starttime !== null AND starttime !== "undefined" AND starttime GT 0,
      set(videoscenestarttime, get(starttime));
    ,
      set(videoscenestarttime, 0);
    );
    mainloadsceneStartup(get(startscene));
    if (h !== null,
      if (v !== null,
        if (f !== null,
          lookat(get(h), get(v), get(f));
         ,
          lookat(get(h), get(v));
        );
      ,
        if (f !== null,
          lookat(get(h), get(view.vlookat), get(f));
         ,
          lookat(get(h), get(view.vlookat));
        );
      );
    ,
      if (v !== null,
        if (f !== null,
          lookat(get(view.hlookat), get(v), get(f));
         ,
          lookat(get(view.hlookat), get(v));
        );
      ,
        if (f !== null,
          lookat(get(view.hlookat), get(view.vlookat), get(f));
        );
      );
    );
  </action>

  <!-- 4 Groups -->

  <!-- Group Group 33 : 1 panoramas -->
  
<!-- **** @PanoName="pano0001" @PanoFile="E:/Работа/CD/3D Панорама/КЛИЕНТЫ/VALO/Панорамы/1/pano0001.jpg" **** -->
<!-- **** Width="14000px" Height="7000px" **** -->
<scene name="pano29"
       heading="0"
       thumburl="%FIRSTXML%/pano0001_29/thumbnail.jpg"
       backgroundsound=""
       backgroundsoundloops="true"
       haspolygons="false"
       titleid="pano29_title"
       descriptionid=""
       multires="true"
       planar="false"
       full360="true"
       video="false"
       seen="false">
    <autorotate horizon="0.000000" tofov="80.000000" waittime="9" speed="2"/>
    <panoview h="176.400000" v="0.000000" fov="80.000000" hmin="-180" hmax="180" vmin="-90" vmax="90" fovmax="112.5" />
    <view fisheye="0"
          limitview="range"
          hlookatmin="-180"
          hlookatmax="180"
          vlookatmin="-90"
          vlookatmax="90"
          maxpixelzoom=""
          fovmin="36"
          fovtype="VFOV"
          fovmax="112.5"
          fov="80.000000"
          hlookat="176.400000"
          vlookat="0.000000"/>
    <preview url="%FIRSTXML%/pano0001_29/preview.jpg" type="CUBESTRIP" striporder="FRBLUD" />
    <image type="CUBE" multires="true" baseindex="0" tilesize="512" devices="!androidstock|webgl">
      <level tiledimagewidth="4608" tiledimageheight="4608">
          <front url="pano0001_29/0/3/%v_%u.jpg"/>
          <right url="pano0001_29/1/3/%v_%u.jpg"/>
          <back  url="pano0001_29/2/3/%v_%u.jpg"/>
          <left  url="pano0001_29/3/3/%v_%u.jpg"/>
          <up    url="pano0001_29/4/3/%v_%u.jpg"/>
          <down  url="pano0001_29/5/3/%v_%u.jpg"/>
      </level>
      <level tiledimagewidth="2560" tiledimageheight="2560">
          <front url="pano0001_29/0/2/%v_%u.jpg"/>
          <right url="pano0001_29/1/2/%v_%u.jpg"/>
          <back  url="pano0001_29/2/2/%v_%u.jpg"/>
          <left  url="pano0001_29/3/2/%v_%u.jpg"/>
          <up    url="pano0001_29/4/2/%v_%u.jpg"/>
          <down  url="pano0001_29/5/2/%v_%u.jpg"/>
      </level>
      <level tiledimagewidth="1536" tiledimageheight="1536">
          <front url="pano0001_29/0/1/%v_%u.jpg"/>
          <right url="pano0001_29/1/1/%v_%u.jpg"/>
          <back  url="pano0001_29/2/1/%v_%u.jpg"/>
          <left  url="pano0001_29/3/1/%v_%u.jpg"/>
          <up    url="pano0001_29/4/1/%v_%u.jpg"/>
          <down  url="pano0001_29/5/1/%v_%u.jpg"/>
      </level>
      <level tiledimagewidth="1024" tiledimageheight="1024">
          <front url="pano0001_29/0/0/%v_%u.jpg"/>
          <right url="pano0001_29/1/0/%v_%u.jpg"/>
          <back  url="pano0001_29/2/0/%v_%u.jpg"/>
          <left  url="pano0001_29/3/0/%v_%u.jpg"/>
          <up    url="pano0001_29/4/0/%v_%u.jpg"/>
          <down  url="pano0001_29/5/0/%v_%u.jpg"/>
      </level>
    </image>
    <image type="CUBE" devices="androidstock.and.no-webgl">
      <front url="pano0001_29/mobile/0.jpg"/>
      <right url="pano0001_29/mobile/1.jpg"/>
      <back  url="pano0001_29/mobile/2.jpg"/>
      <left  url="pano0001_29/mobile/3.jpg"/>
      <up    url="pano0001_29/mobile/4.jpg"/>
      <down  url="pano0001_29/mobile/5.jpg"/>
    </image>




  <!-- **** 2 Point Spots **** -->



  <hotspot name="spotpoint37"
           ath="176.464806" atv="8.557384"
           style="IconВперед"
           tag="point"
           descriptionid=""
           linktarget="pano30"
           onclick="onclickspotpoint37"
           />
  <hotspot name="spotpoint37" devices="flash" zorder="3"/>
  <hotspot name="spotpoint37" devices="html5" zorder="3" zorder2="1"/>
  <action name="onclickspotpoint37">
  
        mainloadscene(pano30);lookat(41.600000, 0.000000, 80.000000);


  </action>





  <hotspot name="spotpoint38"
           ath="122.847834" atv="16.229521"
           style="IconВперед"
           tag="point"
           descriptionid=""
           linktarget="pano32"
           onclick="onclickspotpoint38"
           />
  <hotspot name="spotpoint38" devices="flash" zorder="3"/>
  <hotspot name="spotpoint38" devices="html5" zorder="3" zorder2="1"/>
  <action name="onclickspotpoint38">
  
        mainloadscene(pano32);lookat(57.200000, 0.000000, 80.000000);


  </action>



  <action name="hidepanopointspots">

    set(hotspot[spotpoint37].visible, false);

    set(hotspot[spotpoint38].visible, false);
  </action>
  <action name="showpanopointspots">

  
  set(hotspot[spotpoint37].visible, true);

  
  set(hotspot[spotpoint38].visible, true);
  </action>
  <events name="pano29stopanimatedspots" onremovepano="" />

  <action name="showpanospotsaction">
    if (tour_displayspots,
    showpanopointspots();
    );
  </action>
  <action name="hidepanospotsaction">
    hidepanopointspots();
  </action>



</scene>

  <!-- Group Group 34 : 1 panoramas -->
  
<!-- **** @PanoName="pano0002" @PanoFile="E:/Работа/CD/3D Панорама/КЛИЕНТЫ/VALO/Панорамы/1/pano0002.jpg" **** -->
<!-- **** Width="14000px" Height="7000px" **** -->
<scene name="pano30"
       heading="0"
       thumburl="%FIRSTXML%/pano0002_30/thumbnail.jpg"
       backgroundsound=""
       backgroundsoundloops="true"
       haspolygons="false"
       titleid="pano30_title"
       descriptionid=""
       multires="true"
       planar="false"
       full360="true"
       video="false"
       seen="false">
    <autorotate horizon="0.000000" tofov="80.000000" waittime="9" speed="2"/>
    <panoview h="41.600000" v="0.000000" fov="80.000000" hmin="-180" hmax="180" vmin="-90" vmax="90" fovmax="112.5" />
    <view fisheye="0"
          limitview="range"
          hlookatmin="-180"
          hlookatmax="180"
          vlookatmin="-90"
          vlookatmax="90"
          maxpixelzoom=""
          fovmin="36"
          fovtype="VFOV"
          fovmax="112.5"
          fov="80.000000"
          hlookat="41.600000"
          vlookat="0.000000"/>
    <preview url="%FIRSTXML%/pano0002_30/preview.jpg" type="CUBESTRIP" striporder="FRBLUD" />
    <image type="CUBE" multires="true" baseindex="0" tilesize="512" devices="!androidstock|webgl">
      <level tiledimagewidth="4608" tiledimageheight="4608">
          <front url="pano0002_30/0/3/%v_%u.jpg"/>
          <right url="pano0002_30/1/3/%v_%u.jpg"/>
          <back  url="pano0002_30/2/3/%v_%u.jpg"/>
          <left  url="pano0002_30/3/3/%v_%u.jpg"/>
          <up    url="pano0002_30/4/3/%v_%u.jpg"/>
          <down  url="pano0002_30/5/3/%v_%u.jpg"/>
      </level>
      <level tiledimagewidth="2560" tiledimageheight="2560">
          <front url="pano0002_30/0/2/%v_%u.jpg"/>
          <right url="pano0002_30/1/2/%v_%u.jpg"/>
          <back  url="pano0002_30/2/2/%v_%u.jpg"/>
          <left  url="pano0002_30/3/2/%v_%u.jpg"/>
          <up    url="pano0002_30/4/2/%v_%u.jpg"/>
          <down  url="pano0002_30/5/2/%v_%u.jpg"/>
      </level>
      <level tiledimagewidth="1536" tiledimageheight="1536">
          <front url="pano0002_30/0/1/%v_%u.jpg"/>
          <right url="pano0002_30/1/1/%v_%u.jpg"/>
          <back  url="pano0002_30/2/1/%v_%u.jpg"/>
          <left  url="pano0002_30/3/1/%v_%u.jpg"/>
          <up    url="pano0002_30/4/1/%v_%u.jpg"/>
          <down  url="pano0002_30/5/1/%v_%u.jpg"/>
      </level>
      <level tiledimagewidth="1024" tiledimageheight="1024">
          <front url="pano0002_30/0/0/%v_%u.jpg"/>
          <right url="pano0002_30/1/0/%v_%u.jpg"/>
          <back  url="pano0002_30/2/0/%v_%u.jpg"/>
          <left  url="pano0002_30/3/0/%v_%u.jpg"/>
          <up    url="pano0002_30/4/0/%v_%u.jpg"/>
          <down  url="pano0002_30/5/0/%v_%u.jpg"/>
      </level>
    </image>
    <image type="CUBE" devices="androidstock.and.no-webgl">
      <front url="pano0002_30/mobile/0.jpg"/>
      <right url="pano0002_30/mobile/1.jpg"/>
      <back  url="pano0002_30/mobile/2.jpg"/>
      <left  url="pano0002_30/mobile/3.jpg"/>
      <up    url="pano0002_30/mobile/4.jpg"/>
      <down  url="pano0002_30/mobile/5.jpg"/>
    </image>




  <!-- **** 2 Point Spots **** -->



  <hotspot name="spotpoint39"
           ath="-138.166919" atv="7.967159"
           style="IconВперед"
           tag="point"
           descriptionid=""
           linktarget="pano29"
           onclick="onclickspotpoint39"
           />
  <hotspot name="spotpoint39" devices="flash" zorder="3"/>
  <hotspot name="spotpoint39" devices="html5" zorder="3" zorder2="1"/>
  <action name="onclickspotpoint39">
  
        mainloadscene(pano29);lookat(-4.400000, -0.000000, 80.000000);


  </action>





  <hotspot name="spotpoint40"
           ath="33.878875" atv="7.377115"
           style="IconВперед"
           tag="point"
           descriptionid=""
           linktarget="pano31"
           onclick="onclickspotpoint40"
           />
  <hotspot name="spotpoint40" devices="flash" zorder="3"/>
  <hotspot name="spotpoint40" devices="html5" zorder="3" zorder2="1"/>
  <action name="onclickspotpoint40">
  
        mainloadscene(pano31);lookat(-58.400000,0.000000,80.000000);wait(BLEND);hideTooltip();lookto(get(panoview.h),get(panoview.v),get(panoview.fov),smooth(100,20,50));


  </action>



  <action name="hidepanopointspots">

    set(hotspot[spotpoint39].visible, false);

    set(hotspot[spotpoint40].visible, false);
  </action>
  <action name="showpanopointspots">

  
  set(hotspot[spotpoint39].visible, true);

  
  set(hotspot[spotpoint40].visible, true);
  </action>
  <events name="pano30stopanimatedspots" onremovepano="" />

  <action name="showpanospotsaction">
    if (tour_displayspots,
    showpanopointspots();
    );
  </action>
  <action name="hidepanospotsaction">
    hidepanopointspots();
  </action>



</scene>

  <!-- Group Group 35 : 1 panoramas -->
  
<!-- **** @PanoName="pano0003" @PanoFile="E:/Работа/CD/3D Панорама/КЛИЕНТЫ/VALO/Панорамы/1/pano0003.jpg" **** -->
<!-- **** Width="14000px" Height="7000px" **** -->
<scene name="pano31"
       heading="0"
       thumburl="%FIRSTXML%/pano0003_31/thumbnail.jpg"
       backgroundsound=""
       backgroundsoundloops="true"
       haspolygons="false"
       titleid="pano31_title"
       descriptionid=""
       multires="true"
       planar="false"
       full360="true"
       video="false"
       seen="false">
    <autorotate horizon="0.000000" tofov="80.000000" waittime="9" speed="2"/>
    <panoview h="-147.200000" v="0.000000" fov="80.000000" hmin="-180" hmax="180" vmin="-90" vmax="90" fovmax="112.5" />
    <view fisheye="0"
          limitview="range"
          hlookatmin="-180"
          hlookatmax="180"
          vlookatmin="-90"
          vlookatmax="90"
          maxpixelzoom=""
          fovmin="36"
          fovtype="VFOV"
          fovmax="112.5"
          fov="80.000000"
          hlookat="-147.200000"
          vlookat="0.000000"/>
    <preview url="%FIRSTXML%/pano0003_31/preview.jpg" type="CUBESTRIP" striporder="FRBLUD" />
    <image type="CUBE" multires="true" baseindex="0" tilesize="512" devices="!androidstock|webgl">
      <level tiledimagewidth="4608" tiledimageheight="4608">
          <front url="pano0003_31/0/3/%v_%u.jpg"/>
          <right url="pano0003_31/1/3/%v_%u.jpg"/>
          <back  url="pano0003_31/2/3/%v_%u.jpg"/>
          <left  url="pano0003_31/3/3/%v_%u.jpg"/>
          <up    url="pano0003_31/4/3/%v_%u.jpg"/>
          <down  url="pano0003_31/5/3/%v_%u.jpg"/>
      </level>
      <level tiledimagewidth="2560" tiledimageheight="2560">
          <front url="pano0003_31/0/2/%v_%u.jpg"/>
          <right url="pano0003_31/1/2/%v_%u.jpg"/>
          <back  url="pano0003_31/2/2/%v_%u.jpg"/>
          <left  url="pano0003_31/3/2/%v_%u.jpg"/>
          <up    url="pano0003_31/4/2/%v_%u.jpg"/>
          <down  url="pano0003_31/5/2/%v_%u.jpg"/>
      </level>
      <level tiledimagewidth="1536" tiledimageheight="1536">
          <front url="pano0003_31/0/1/%v_%u.jpg"/>
          <right url="pano0003_31/1/1/%v_%u.jpg"/>
          <back  url="pano0003_31/2/1/%v_%u.jpg"/>
          <left  url="pano0003_31/3/1/%v_%u.jpg"/>
          <up    url="pano0003_31/4/1/%v_%u.jpg"/>
          <down  url="pano0003_31/5/1/%v_%u.jpg"/>
      </level>
      <level tiledimagewidth="1024" tiledimageheight="1024">
          <front url="pano0003_31/0/0/%v_%u.jpg"/>
          <right url="pano0003_31/1/0/%v_%u.jpg"/>
          <back  url="pano0003_31/2/0/%v_%u.jpg"/>
          <left  url="pano0003_31/3/0/%v_%u.jpg"/>
          <up    url="pano0003_31/4/0/%v_%u.jpg"/>
          <down  url="pano0003_31/5/0/%v_%u.jpg"/>
      </level>
    </image>
    <image type="CUBE" devices="androidstock.and.no-webgl">
      <front url="pano0003_31/mobile/0.jpg"/>
      <right url="pano0003_31/mobile/1.jpg"/>
      <back  url="pano0003_31/mobile/2.jpg"/>
      <left  url="pano0003_31/mobile/3.jpg"/>
      <up    url="pano0003_31/mobile/4.jpg"/>
      <down  url="pano0003_31/mobile/5.jpg"/>
    </image>




  <!-- **** 1 Point Spots **** -->



  <hotspot name="spotpoint41"
           ath="124.026117" atv="6.786901"
           style="IconВперед"
           tag="point"
           descriptionid=""
           linktarget="pano30"
           onclick="onclickspotpoint41"
           />
  <hotspot name="spotpoint41" devices="flash" zorder="3"/>
  <hotspot name="spotpoint41" devices="html5" zorder="3" zorder2="1"/>
  <action name="onclickspotpoint41">
  
        mainloadscene(pano30);lookat(-142.400000, -0.400000, 80.000000);


  </action>



  <action name="hidepanopointspots">

    set(hotspot[spotpoint41].visible, false);
  </action>
  <action name="showpanopointspots">

  
  set(hotspot[spotpoint41].visible, true);
  </action>
  <events name="pano31stopanimatedspots" onremovepano="" />

  <action name="showpanospotsaction">
    if (tour_displayspots,
    showpanopointspots();
    );
  </action>
  <action name="hidepanospotsaction">
    hidepanopointspots();
  </action>



</scene>

  <!-- Group Group 36 : 1 panoramas -->
  
<!-- **** @PanoName="pano0004" @PanoFile="E:/Работа/CD/3D Панорама/КЛИЕНТЫ/VALO/Панорамы/1/pano0004.jpg" **** -->
<!-- **** Width="14000px" Height="7000px" **** -->
<scene name="pano32"
       heading="0"
       thumburl="%FIRSTXML%/pano0004_32/thumbnail.jpg"
       backgroundsound=""
       backgroundsoundloops="true"
       haspolygons="false"
       titleid="pano32_title"
       descriptionid=""
       multires="true"
       planar="false"
       full360="true"
       video="false"
       seen="false">
    <autorotate horizon="0.000000" tofov="80.000000" waittime="9" speed="2"/>
    <panoview h="57.200000" v="0.000000" fov="80.000000" hmin="-180" hmax="180" vmin="-90" vmax="90" fovmax="112.5" />
    <view fisheye="0"
          limitview="range"
          hlookatmin="-180"
          hlookatmax="180"
          vlookatmin="-90"
          vlookatmax="90"
          maxpixelzoom=""
          fovmin="36"
          fovtype="VFOV"
          fovmax="112.5"
          fov="80.000000"
          hlookat="57.200000"
          vlookat="0.000000"/>
    <preview url="%FIRSTXML%/pano0004_32/preview.jpg" type="CUBESTRIP" striporder="FRBLUD" />
    <image type="CUBE" multires="true" baseindex="0" tilesize="512" devices="!androidstock|webgl">
      <level tiledimagewidth="4608" tiledimageheight="4608">
          <front url="pano0004_32/0/3/%v_%u.jpg"/>
          <right url="pano0004_32/1/3/%v_%u.jpg"/>
          <back  url="pano0004_32/2/3/%v_%u.jpg"/>
          <left  url="pano0004_32/3/3/%v_%u.jpg"/>
          <up    url="pano0004_32/4/3/%v_%u.jpg"/>
          <down  url="pano0004_32/5/3/%v_%u.jpg"/>
      </level>
      <level tiledimagewidth="2560" tiledimageheight="2560">
          <front url="pano0004_32/0/2/%v_%u.jpg"/>
          <right url="pano0004_32/1/2/%v_%u.jpg"/>
          <back  url="pano0004_32/2/2/%v_%u.jpg"/>
          <left  url="pano0004_32/3/2/%v_%u.jpg"/>
          <up    url="pano0004_32/4/2/%v_%u.jpg"/>
          <down  url="pano0004_32/5/2/%v_%u.jpg"/>
      </level>
      <level tiledimagewidth="1536" tiledimageheight="1536">
          <front url="pano0004_32/0/1/%v_%u.jpg"/>
          <right url="pano0004_32/1/1/%v_%u.jpg"/>
          <back  url="pano0004_32/2/1/%v_%u.jpg"/>
          <left  url="pano0004_32/3/1/%v_%u.jpg"/>
          <up    url="pano0004_32/4/1/%v_%u.jpg"/>
          <down  url="pano0004_32/5/1/%v_%u.jpg"/>
      </level>
      <level tiledimagewidth="1024" tiledimageheight="1024">
          <front url="pano0004_32/0/0/%v_%u.jpg"/>
          <right url="pano0004_32/1/0/%v_%u.jpg"/>
          <back  url="pano0004_32/2/0/%v_%u.jpg"/>
          <left  url="pano0004_32/3/0/%v_%u.jpg"/>
          <up    url="pano0004_32/4/0/%v_%u.jpg"/>
          <down  url="pano0004_32/5/0/%v_%u.jpg"/>
      </level>
    </image>
    <image type="CUBE" devices="androidstock.and.no-webgl">
      <front url="pano0004_32/mobile/0.jpg"/>
      <right url="pano0004_32/mobile/1.jpg"/>
      <back  url="pano0004_32/mobile/2.jpg"/>
      <left  url="pano0004_32/mobile/3.jpg"/>
      <up    url="pano0004_32/mobile/4.jpg"/>
      <down  url="pano0004_32/mobile/5.jpg"/>
    </image>




  <!-- **** 1 Point Spots **** -->



  <hotspot name="spotpoint42"
           ath="-131.096522" atv="15.639296"
           style="IconВперед"
           tag="point"
           descriptionid=""
           linktarget="pano29"
           onclick="onclickspotpoint42"
           />
  <hotspot name="spotpoint42" devices="flash" zorder="3"/>
  <hotspot name="spotpoint42" devices="html5" zorder="3" zorder2="1"/>
  <action name="onclickspotpoint42">
  
        mainloadscene(pano29);lookat(-97.600000, 0.000000, 80.000000);


  </action>



  <action name="hidepanopointspots">

    set(hotspot[spotpoint42].visible, false);
  </action>
  <action name="showpanopointspots">

  
  set(hotspot[spotpoint42].visible, true);
  </action>
  <events name="pano32stopanimatedspots" onremovepano="" />

  <action name="showpanospotsaction">
    if (tour_displayspots,
    showpanopointspots();
    );
  </action>
  <action name="hidepanospotsaction">
    hidepanopointspots();
  </action>



</scene>

  <krpano nofullspherepanoavailable="false" />



</krpano>

