<?xml version="1.0" encoding="UTF-8"?>
<krpano>

<!-- ************************ -->
<!--         Messages         -->
<!-- ************************ -->

  <data name="ru_project_title"><![CDATA[VALO]]></data>



  <data name="ru_pano29_title"><![CDATA[pano0001]]></data>


  <data name="ru_pano30_title"><![CDATA[pano0002]]></data>


  <data name="ru_pano31_title"><![CDATA[pano0003]]></data>


  <data name="ru_pano32_title"><![CDATA[pano0004]]></data>






  <data name="ru_buttontooltip"><![CDATA[]]></data>
  <data name="ru_button1tooltip"><![CDATA[]]></data>
  <data name="ru_button2tooltip"><![CDATA[]]></data>
  <data name="ru_button3tooltip"><![CDATA[]]></data>
  <data name="ru_togglebutton2firsttooltip"><![CDATA[]]></data>
  <data name="ru_togglebutton2secondtooltip"><![CDATA[]]></data>
  <data name="ru_button5tooltip"><![CDATA[]]></data>
  <data name="ru_button4tooltip"><![CDATA[]]></data>
  <data name="ru_button6tooltip"><![CDATA[]]></data>
  <data name="ru_togglebuttonfirsttooltip"><![CDATA[]]></data>
  <data name="ru_togglebuttonsecondtooltip"><![CDATA[]]></data>
  <data name="ru_logowebsiteurl"><![CDATA[http://3dpanorama.spb.ru]]></data>
  <data name="ru_contextmenuopenwebsitelabel1"><![CDATA[Разработка виртуальных туров 3D Панорама]]></data>
  <data name="ru_contextmenuwebsiteurl1"><![CDATA[http://3dpanorama.spb.ru]]></data>
  <data name="ru_contextmenuopenFsLabel"><![CDATA[Enter Fullscreen]]></data>
  <data name="ru_contextmenucloseFsLabel"><![CDATA[Exit Fullscreen]]></data>
  <data name="ru_contextmenuopenVrLabel"><![CDATA[Enter VR mode]]></data>
  <data name="ru_webvrbuttontooltip"><![CDATA[]]></data>


  <data name="ru_vr_setup_hmd0"><![CDATA[SELECT YOUR HMD]]></data>
  <data name="ru_vr_setup_advanced"><![CDATA[ADVANCED SETTINGS]]></data>
  <data name="ru_vr_setup_title"><![CDATA[WEB VR SETTINGS]]></data>
  <data name="ru_vr_setup_dvn1"><![CDATA[Device:]]></data>
  <data name="ru_vr_setup_siz1"><![CDATA[Screen size:]]></data>
  <data name="ru_vr_setup_ipd1"><![CDATA[IPD:]]></data>
  <data name="ru_vr_setup_hmd1"><![CDATA[HMD:]]></data>
  <data name="ru_vr_setup_hmd3"><![CDATA[Customize]]></data>
  <data name="ru_vr_setup_cal"><![CDATA[Calibrate gyroscope]]></data>
  <data name="ru_vr_setup_sav"><![CDATA[SAVE]]></data>
  <data name="ru_vr_setup_rst"><![CDATA[RESET]]></data>
  <data name="ru_vr_setup_simple"><![CDATA[SIMPLE]]></data>
  <data name="ru_vr_setup_cls"><![CDATA[CLOSE]]></data>
  <data name="ru_vr_setup_m31"><![CDATA[HMD SETTINGS]]></data>
  <data name="ru_vr_setup_fov1"><![CDATA[FOV:]]></data>
  <data name="ru_vr_setup_dst1"><![CDATA[Distortion:]]></data>
  <data name="ru_vr_setup_d2tx"><![CDATA[Distortion 2:]]></data>
  <data name="ru_vr_setup_vig1"><![CDATA[Vignette:]]></data>
  <data name="ru_vr_setup_cac1"><![CDATA[Chromatic aberration:]]></data>
  <data name="ru_vr_setup_olp1"><![CDATA[Overlap:]]></data>
  <data name="ru_vr_setup_m35"><![CDATA[RETURN]]></data>
  <data name="ru_vr_setup_cb1"><![CDATA[GYROSCOPE]]></data>
  <data name="ru_vr_setup_cb2"><![CDATA[Place the device on a flat and[br]stable surface and tab CALIBRATE[br]to correct a gyroscope drifting.]]></data>
  <data name="ru_vr_setup_cb3"><![CDATA[CALIBRATE]]></data>
  <data name="ru_vr_setup_cb4"><![CDATA[RESET]]></data>
  <data name="ru_vr_setup_cb5"><![CDATA[RETURN]]></data>
  <data name="ru_vr_setup_cb6"><![CDATA[Calibrating...]]></data>
  <data name="ru_vr_setup_cb7"><![CDATA[Successful calibration]]></data>
  <data name="ru_vr_setup_cb8"><![CDATA[Calibration failed]]></data>
  <data name="ru_vr_setup_unavailable"><![CDATA[VR mode[br]is unavailable on your device]]></data>















</krpano>